[
    {
      "name": "Miracle Burger",
      "image": "https://toppng.com/uploads/preview/burger-free-pictures-1153859353087aydafeq9.png",
      "kCal": 800,
      "lactose": true,
      "gluten": false
    },
    {
        "name": "Almost Miracle Burger",
        "image": "https://images.all-free-download.com/images/graphiclarge/homemade_burger_560254.jpg",
        "kCal": 750,
        "lactose": false,
        "gluten": false
      },
      {
        "name": "Very Miracle Burger",
        "image": "https://images.unsplash.com/photo-1568901346375-23c9450c58cd?ixid=MnwxMjA3fDB8MHxzZWFyY2h8MXx8YnVyZ2VyfGVufDB8fDB8fA%3D%3D&ixlib=rb-1.2.1&w=1000&q=80",
        "kCal": 1000,
        "lactose": true,
        "gluten": true
      }
  ]